timestamp_utc	iteration_id	git_commit	candidate_id	candidate_description	input_run_root	max_assets	max_rebalances	optimizer_max_weight	commission_rate	cost_bps	candidate_sharpe	spy_sharpe	sharpe_diff	sharpe_diff_ci_low	sharpe_diff_ci_high	annualized_return	active_return	tracking_error	information_ratio	max_drawdown	mean_turnover	strategy_ending_value	benchmark_ending_value	active_ending_value	strategy_time_weighted_return	benchmark_time_weighted_return	strategy_money_weighted_return	strategy_total_deposits	strategy_total_commissions	ir_observations	status	notes
2026-04-24T00:00:00+00:00	documented_phase2_e8_final	8ec3dd4	phase2_e8_final	Documented Phase 2 E8 Ridge plus LightGBM regression blend.	data/runs/phase2-source-20260424	100	48	0.30		5.0	2.987197	1.130685	1.856512	-0.445541	1.541675	1.086616	0.636036	0.287482	2.212435	-0.202734	0.686668									46	provisional	Documented baseline beats SPY on point estimates but Sharpe-difference CI includes zero.
2026-04-24T16:20:17.375594+00:00	20260424T162017Z	8ec3dd4f65b3a5bbc98f36ebf78b0be95e84f305	e8_baseline	Current Phase 2 E8 Ridge plus LightGBM regression blend.	data/runs/phase2-source-20260424	100	48	0.3		5.0	2.9871969178588604	1.1306854857762518	1.8565114320826086	-0.4455413268214286	1.5416748795037905	1.0866156875925883	0.6360358716773705	0.28748233934242134	2.2124345903550817	-0.2027344823036462	0.6866676121734656									46.0	provisional	candidate beats SPY on point estimates but CI lower bound is not positive
2026-04-24T16:41:21.624437+00:00	exp_baseline_20260424T164103Z	e9c88bdece26be1b57e9df290c74b3b151342136	e8_baseline	Current Phase 2 E8 Ridge plus LightGBM regression blend.	data/runs/phase2-source-20260424	100	48	0.3		5.0	2.9871969178588604	1.1306854857762518	1.8565114320826086	-0.4455413268214286	1.5416748795037905	1.0866156875925883	0.6360358716773705	0.28748233934242134	2.2124345903550817	-0.2027344823036462	0.6866676121734656									46.0	provisional	candidate beats SPY on point estimates but CI lower bound is not positive
2026-04-24T16:41:49.280549+00:00	exp_ridge_rank_20260424T164142Z	e9c88bdece26be1b57e9df290c74b3b151342136	ridge_rank	Ridge model on rank-normalized features, matching the Phase 2 E4 family.	data/runs/phase2-source-20260424	100	48	0.3		5.0	1.4072177795344747	1.1306854857762518	0.27653229375822286	-0.9118486971105668	0.8986153080339075	0.5863307873423853	0.37533973553537886	0.3501870011776139	1.0718265791510848	-0.24605349160805046	0.6874453343900228									46.0	provisional	candidate beats SPY on point estimates but CI lower bound is not positive
2026-04-24T16:43:20.146805+00:00	exp_e8_scale_0p5_20260424T164302Z	e9c88bdece26be1b57e9df290c74b3b151342136	e8_scale_0p5	E8 blend with forecast scores scaled down by 0.5 before optimization.	data/runs/phase2-source-20260424	100	48	0.3		5.0	2.984743510421747	1.1306854857762518	1.8540580246454952	-0.26142803249752944	1.6221286243281463	0.8307144703154892	0.47738791183702795	0.19749104593209268	2.4172635755910568	-0.14650529480383145	0.7182030262375152									46.0	provisional	candidate beats SPY on point estimates but CI lower bound is not positive
2026-04-24T16:43:38.697800+00:00	exp_e8_scale_2p0_20260424T164321Z	e9c88bdece26be1b57e9df290c74b3b151342136	e8_scale_2p0	E8 blend with forecast scores scaled up by 2.0 before optimization.	data/runs/phase2-source-20260424	100	48	0.3		5.0	2.579946775020366	1.1306854857762518	1.4492612892441143	-0.47402077409432564	1.3371169770802107	1.099080540119064	0.6650531106316053	0.3456252884890678	1.9242026922825732	-0.21963280911939143	0.6700575967214736									46.0	provisional	candidate beats SPY on point estimates but CI lower bound is not positive
2026-04-24T16:43:57.380364+00:00	exp_e8_scale_4p0_20260424T164339Z	e9c88bdece26be1b57e9df290c74b3b151342136	e8_scale_4p0	E8 blend with forecast scores scaled up by 4.0 before optimization.	data/runs/phase2-source-20260424	100	48	0.3		5.0	2.991125602342094	1.1306854857762518	1.860440116565842	-0.4213102986120209	1.4029137538807643	1.4464304790950049	0.8430225012116672	0.40045732129882805	2.105149428851594	-0.2200238467254816	0.671771089513409									46.0	provisional	candidate beats SPY on point estimates but CI lower bound is not positive
2026-04-24T16:44:16.103158+00:00	exp_e8_rank_pct_20260424T164358Z	e9c88bdece26be1b57e9df290c74b3b151342136	e8_rank_pct	E8 blend converted to percentile ranks before optimization.	data/runs/phase2-source-20260424	100	48	0.3		5.0	1.2057553760736504	1.1306854857762518	0.07506989029739852	-0.9400429574270579	0.9128914259193969	0.19517308007546563	0.022939491258215632	0.12787041710623295	0.1793963903250415	-0.14243796089637073	0.636056005037045									46.0	provisional	candidate beats SPY on point estimates but CI lower bound is not positive
2026-04-24T16:44:33.644225+00:00	exp_e8_momentum_return_20260424T164417Z	e9c88bdece26be1b57e9df290c74b3b151342136	e8_momentum_return	E8 blend using momentum, rank, and return features without liquidity.	data/runs/phase2-source-20260424	100	48	0.3		5.0	2.6581898614729083	1.1306854857762518	1.5275043756966564	-0.36164941677574536	1.2595414324551237	1.0323635910416318	0.6168390442036976	0.3026365717795203	2.0382171281436636	-0.15500254558964177	0.7535018275510523									46.0	provisional	candidate beats SPY on point estimates but CI lower bound is not positive
2026-04-24T16:44:51.146114+00:00	exp_e8_momentum_risk_20260424T164434Z	e9c88bdece26be1b57e9df290c74b3b151342136	e8_momentum_risk	E8 blend using momentum, risk, drawdown, and short return features.	data/runs/phase2-source-20260424	100	48	0.3		5.0	2.1413495908485314	1.1306854857762518	1.0106641050722796	-0.6701302077981757	1.360908431586427	0.8345660406966082	0.5159309535538615	0.3113513549092482	1.657069883971578	-0.22615319674054513	0.6205095871247306									46.0	provisional	candidate beats SPY on point estimates but CI lower bound is not positive
2026-04-24T16:44:56.347209+00:00	exp_ridge_return_zscore_20260424T164452Z	e9c88bdece26be1b57e9df290c74b3b151342136	ridge_return_zscore	Ridge return model with z-scored forecast scores.	data/runs/phase2-source-20260424	100	48	0.3		5.0	2.6247591173344795	1.1306854857762518	1.4940736315582277	-0.36147997334289905	1.4116715946975453	0.7348613801302661	0.4234215516510147	0.2002638717580137	2.114318213934517	-0.1321432748194875	0.7288114290841221									46.0	provisional	candidate beats SPY on point estimates but CI lower bound is not positive
2026-04-24T16:45:13.682678+00:00	exp_lightgbm_return_zscore_20260424T164457Z	e9c88bdece26be1b57e9df290c74b3b151342136	lightgbm_return_zscore	LightGBM return model with z-scored forecast scores.	data/runs/phase2-source-20260424	100	48	0.3		5.0	1.6701527427545555	1.1306854857762518	0.5394672569783037	-0.7621949903178075	1.0166148728117061	0.5079465389637103	0.2883787786588617	0.22347262525399744	1.290443419327501	-0.13089368051249972	0.7576693442712844									46.0	provisional	candidate beats SPY on point estimates but CI lower bound is not positive
2026-04-24T16:45:35.092831+00:00	exp_lightgbm_rank_20260424T164514Z	e9c88bdece26be1b57e9df290c74b3b151342136	lightgbm_rank	LightGBM LambdaRank model on 5-day forward ranks.	data/runs/phase2-source-20260424	100	48	0.3		5.0	1.6604853623890288	1.1306854857762518	0.5297998766127769	-0.8898073882279354	1.0439378742174343	0.5172555653435584	0.2965681201173799	0.25399684160652775	1.167605542815372	-0.1538874252423934	0.6804902439909682									46.0	provisional	candidate beats SPY on point estimates but CI lower bound is not positive
2026-04-24T16:46:43.112253+00:00	exp_e8_scale_0p7_20260424T164625Z	e9c88bdece26be1b57e9df290c74b3b151342136	e8_scale_0p7	E8 blend with forecast scores scaled down by 0.7 before optimization.	data/runs/phase2-source-20260424	100	48	0.3		5.0	2.9483380169656885	1.1306854857762518	1.8176525311894367	-0.4138596387171091	1.523913823715166	0.9416797727474748	0.5487765540547364	0.24022157490114646	2.284459896162796	-0.1775960838929459	0.704860607653967									46.0	provisional	candidate beats SPY on point estimates but CI lower bound is not positive
2026-04-24T16:47:01.863911+00:00	exp_e8_scale_0p8_20260424T164644Z	e9c88bdece26be1b57e9df290c74b3b151342136	e8_scale_0p8	E8 blend with forecast scores scaled down by 0.8 before optimization.	data/runs/phase2-source-20260424	100	48	0.3		5.0	2.999766479934646	1.1306854857762518	1.8690809941583941	-0.39726846143846667	1.5659648340545285	1.0057594156948881	0.586625335314398	0.25750172012346345	2.2781414238053665	-0.18745667166454927	0.6953241562497323									46.0	provisional	candidate beats SPY on point estimates but CI lower bound is not positive
2026-04-24T16:47:20.714210+00:00	exp_e8_scale_0p9_20260424T164703Z	e9c88bdece26be1b57e9df290c74b3b151342136	e8_scale_0p9	E8 blend with forecast scores scaled down by 0.9 before optimization.	data/runs/phase2-source-20260424	100	48	0.3		5.0	3.0235925428279553	1.1306854857762518	1.8929070570517035	-0.4185020544831428	1.559759223992927	1.0566211276841808	0.6165702525093878	0.27238044234713904	2.263636284589006	-0.19438341455803243	0.6890144542378988									46.0	provisional	candidate beats SPY on point estimates but CI lower bound is not positive
2026-04-24T16:47:39.474378+00:00	exp_e8_scale_1p2_20260424T164721Z	e9c88bdece26be1b57e9df290c74b3b151342136	e8_scale_1p2	E8 blend with forecast scores scaled up by 1.2 before optimization.	data/runs/phase2-source-20260424	100	48	0.3		5.0	2.866242601092798	1.1306854857762518	1.735557115316546	-0.47762445390406805	1.4362485203043884	1.1155302296855116	0.6588708005024914	0.3140996895660539	2.0976486841255966	-0.2128154137945294	0.6816513856697312									46.0	provisional	candidate beats SPY on point estimates but CI lower bound is not positive
2026-04-24T16:47:58.209954+00:00	exp_e8_scale_1p5_20260424T164740Z	e9c88bdece26be1b57e9df290c74b3b151342136	e8_scale_1p5	E8 blend with forecast scores scaled up by 1.5 before optimization.	data/runs/phase2-source-20260424	100	48	0.3		5.0	2.669923820113787	1.1306854857762518	1.539238334337535	-0.4830102253431016	1.3449147273003381	1.097311592551995	0.6580402923750163	0.33489525825862054	1.9649137339139309	-0.21495874673351345	0.673235341382089									46.0	provisional	candidate beats SPY on point estimates but CI lower bound is not positive
2026-04-24T16:48:17.011184+00:00	exp_e8_scale_3p0_20260424T164759Z	e9c88bdece26be1b57e9df290c74b3b151342136	e8_scale_3p0	E8 blend with forecast scores scaled up by 3.0 before optimization.	data/runs/phase2-source-20260424	100	48	0.3		5.0	2.8321450389599687	1.1306854857762518	1.7014595531837169	-0.4319300755630555	1.356822037811652	1.2921953816950396	0.7660998019414945	0.3720620886716123	2.059064401526988	-0.2203418391461769	0.6708812765065888									46.0	provisional	candidate beats SPY on point estimates but CI lower bound is not positive
2026-04-24T16:49:00.771923+00:00	exp_e8_scale_0p85_20260424T164843Z	e9c88bdece26be1b57e9df290c74b3b151342136	e8_scale_0p85	E8 blend with forecast scores scaled down by 0.85 before optimization.	data/runs/phase2-source-20260424	100	48	0.3		5.0	3.0264340917668164	1.1306854857762518	1.8957486059905646	-0.3990570644444039	1.5702238396532562	1.0356190220361325	0.6038029832689107	0.26496167394918124	2.278831403309741	-0.19002016413855827	0.6919569089656623									46.0	provisional	candidate beats SPY on point estimates but CI lower bound is not positive
2026-04-24T16:49:19.546967+00:00	exp_e8_scale_0p95_20260424T164901Z	e9c88bdece26be1b57e9df290c74b3b151342136	e8_scale_0p95	E8 blend with forecast scores scaled down by 0.95 before optimization.	data/runs/phase2-source-20260424	100	48	0.3		5.0	3.0133728742760804	1.1306854857762518	1.8826873884998285	-0.4367728248831455	1.5597670671337376	1.0744274347535754	0.6276605960241893	0.279802858606761	2.2432243871615074	-0.19872207944307363	0.6874273246389146									46.0	provisional	candidate beats SPY on point estimates but CI lower bound is not positive
2026-04-24T17:32:48.517089+00:00	exp_e8_scale_0p82_20260424T173230Z	76faebf77ad68f86cb49c0fbe2c233f343974564	e8_scale_0p82	E8 blend with forecast scores scaled down by 0.82 before optimization.	data/runs/phase2-source-20260424	100	48	0.3		5.0	3.011819165336758	1.1306854857762518	1.8811336795605063	-0.3948114376049901	1.5695410743198708	1.0184908115794165	0.5939530396599226	0.260639643865113	2.2788284654321695	-0.18872044458967274	0.6939152062642172									46.0	provisional	candidate beats SPY on point estimates but CI lower bound is not positive
2026-04-24T17:33:07.410804+00:00	exp_e8_scale_0p83_20260424T173249Z	76faebf77ad68f86cb49c0fbe2c233f343974564	e8_scale_0p83	E8 blend with forecast scores scaled down by 0.83 before optimization.	data/runs/phase2-source-20260424	100	48	0.3		5.0	3.0150418105179906	1.1306854857762518	1.8843563247417388	-0.3967924467194747	1.5699727147721958	1.0237021021830808	0.5970018796313028	0.2621182589531604	2.2776050856418397	-0.18933390002316075	0.6931890871598404									46.0	provisional	candidate beats SPY on point estimates but CI lower bound is not positive
2026-04-24T17:33:25.952227+00:00	exp_e8_scale_0p84_20260424T173308Z	76faebf77ad68f86cb49c0fbe2c233f343974564	e8_scale_0p84	E8 blend with forecast scores scaled down by 0.84 before optimization.	data/runs/phase2-source-20260424	100	48	0.3		5.0	3.0212609330297404	1.1306854857762518	1.8905754472534886	-0.397875216782922	1.5703237117121038	1.029751730539315	0.6004423841343566	0.2635207501980262	2.278539294090299	-0.18963258453713772	0.692500506433873									46.0	provisional	candidate beats SPY on point estimates but CI lower bound is not positive
2026-04-24T17:33:44.785604+00:00	exp_e8_scale_0p86_20260424T173326Z	76faebf77ad68f86cb49c0fbe2c233f343974564	e8_scale_0p86	E8 blend with forecast scores scaled down by 0.86 before optimization.	data/runs/phase2-source-20260424	100	48	0.3		5.0	3.0239611957543002	1.1306854857762518	1.8932757099780484	-0.4038722955763798	1.5690328126285191	1.0392757559670445	0.60610200895687	0.2664707599137707	2.274553535078307	-0.19085729900864612	0.6913403358663616									46.0	provisional	candidate beats SPY on point estimates but CI lower bound is not positive
2026-04-24T17:34:03.833869+00:00	exp_e8_scale_0p87_20260424T173345Z	76faebf77ad68f86cb49c0fbe2c233f343974564	e8_scale_0p87	E8 blend with forecast scores scaled down by 0.87 before optimization.	data/runs/phase2-source-20260424	100	48	0.3		5.0	3.0221080552482356	1.1306854857762518	1.8914225694719837	-0.4085633922139515	1.5680466489313318	1.0432122577626282	0.6085464375303342	0.26799869661267295	2.270706705748798	-0.19173952083206014	0.6907367604463338									46.0	provisional	candidate beats SPY on point estimates but CI lower bound is not positive
2026-04-24T17:34:22.276662+00:00	exp_e8_scale_0p88_20260424T173404Z	76faebf77ad68f86cb49c0fbe2c233f343974564	e8_scale_0p88	E8 blend with forecast scores scaled down by 0.88 before optimization.	data/runs/phase2-source-20260424	100	48	0.3		5.0	3.0218753891274246	1.1306854857762518	1.8911899033511728	-0.4120646894344705	1.5670983519153139	1.0474661601716595	0.6111209087489841	0.2694616660829423	2.267932643750805	-0.19262128083069086	0.6901498043933225									46.0	provisional	candidate beats SPY on point estimates but CI lower bound is not positive
2026-04-24T17:34:57.950719+00:00	exp_e8_scale_0p85_maxw_0p20_20260424T173440Z	76faebf77ad68f86cb49c0fbe2c233f343974564	e8_scale_0p85	E8 blend with forecast scores scaled down by 0.85 before optimization.	data/runs/phase2-source-20260424	100	48	0.2		5.0	2.6579123100469526	1.1306854857762518	1.5272268242707008	-0.37466037785207446	1.3894889040692473	0.8272760042507441	0.4848161199972759	0.23253820990719812	2.0848879854659477	-0.17388694068764	0.6717621038644909									46.0	provisional	candidate beats SPY on point estimates but CI lower bound is not positive
2026-04-24T17:35:16.477507+00:00	exp_e8_scale_0p85_maxw_0p25_20260424T173458Z	76faebf77ad68f86cb49c0fbe2c233f343974564	e8_scale_0p85	E8 blend with forecast scores scaled down by 0.85 before optimization.	data/runs/phase2-source-20260424	100	48	0.25		5.0	2.908473762579703	1.1306854857762518	1.777788276803451	-0.3733368220307284	1.5346290727543277	0.9553680192614806	0.5586853187714214	0.25037401697646633	2.231402944754984	-0.18303649453451987	0.6808035837805544									46.0	provisional	candidate beats SPY on point estimates but CI lower bound is not positive
2026-04-24T17:35:35.006857+00:00	exp_e8_scale_0p85_maxw_0p28_20260424T173517Z	76faebf77ad68f86cb49c0fbe2c233f343974564	e8_scale_0p85	E8 blend with forecast scores scaled down by 0.85 before optimization.	data/runs/phase2-source-20260424	100	48	0.28		5.0	3.0011786665255165	1.1306854857762518	1.8704931807492646	-0.3942997444848951	1.5518588233571031	1.012993826691614	0.5909673755802974	0.2598883170606748	2.2739282098715017	-0.18791054254303574	0.6867872642582467									46.0	provisional	candidate beats SPY on point estimates but CI lower bound is not positive
2026-04-24T17:35:53.692875+00:00	exp_e8_scale_0p85_maxw_0p32_20260424T173535Z	76faebf77ad68f86cb49c0fbe2c233f343974564	e8_scale_0p85	E8 blend with forecast scores scaled down by 0.85 before optimization.	data/runs/phase2-source-20260424	100	48	0.32		5.0	3.021921332364393	1.1306854857762518	1.8912358465881414	-0.4215585694306684	1.5734188098578492	1.0445362397122637	0.6093599435158708	0.2683509146304295	2.2707578409228675	-0.1912488567530065	0.6969899265128647									46.0	provisional	candidate beats SPY on point estimates but CI lower bound is not positive
2026-04-24T17:36:12.196253+00:00	exp_e8_scale_0p85_maxw_0p35_20260424T173554Z	76faebf77ad68f86cb49c0fbe2c233f343974564	e8_scale_0p85	E8 blend with forecast scores scaled down by 0.85 before optimization.	data/runs/phase2-source-20260424	100	48	0.35		5.0	2.9898179304978316	1.1306854857762518	1.8591324447215798	-0.4646781916836803	1.5520035565897452	1.0496899361534457	0.6136990629490803	0.27377189484709596	2.241643771694814	-0.1924148907221669	0.7065781678296925									46.0	provisional	candidate beats SPY on point estimates but CI lower bound is not positive
2026-04-24T17:36:30.683186+00:00	exp_e8_scale_0p85_maxw_0p40_20260424T173613Z	76faebf77ad68f86cb49c0fbe2c233f343974564	e8_scale_0p85	E8 blend with forecast scores scaled down by 0.85 before optimization.	data/runs/phase2-source-20260424	100	48	0.4		5.0	2.952680723678086	1.1306854857762518	1.821995237901834	-0.49800363890790444	1.5500190893156223	1.0660611608482586	0.6251447138720312	0.28347502120371826	2.2052902975982964	-0.19402418181213177	0.7213394130872837									46.0	provisional	candidate beats SPY on point estimates but CI lower bound is not positive
2026-04-24T17:37:53.140300+00:00	exp_e8_weight_ridge_1p25_lgbm_0p75_scale_0p85_20260424T173735Z	76faebf77ad68f86cb49c0fbe2c233f343974564	e8_weight_ridge_1p25_lgbm_0p75_scale_0p85	E8 weighted blend with 1.25 Ridge, 0.75 LightGBM, and 0.85 score scale.	data/runs/phase2-source-20260424	100	48	0.3		5.0	3.126797955594519	1.1306854857762518	1.996112469818267	-0.387101832083123	1.6575104525861772	1.0643683039029823	0.6176362018686453	0.2641342700070621	2.3383417905299897	-0.19544734796241126	0.6807527696135357									46.0	provisional	candidate beats SPY on point estimates but CI lower bound is not positive
2026-04-24T17:38:11.402617+00:00	exp_e8_weight_ridge_1p5_lgbm_0p5_scale_0p85_20260424T173754Z	76faebf77ad68f86cb49c0fbe2c233f343974564	e8_weight_ridge_1p5_lgbm_0p5_scale_0p85	E8 weighted blend with 1.5 Ridge, 0.5 LightGBM, and 0.85 score scale.	data/runs/phase2-source-20260424	100	48	0.3		5.0	2.871085840751157	1.1306854857762518	1.7404003549749052	-0.4546250544873159	1.6256094051688532	0.9727186198293283	0.571190787489309	0.2634364210849092	2.1682301374159887	-0.19884130471485917	0.6776667566097403									46.0	provisional	candidate beats SPY on point estimates but CI lower bound is not positive
2026-04-24T17:38:29.752923+00:00	exp_e8_weight_ridge_0p75_lgbm_1p25_scale_0p85_20260424T173812Z	76faebf77ad68f86cb49c0fbe2c233f343974564	e8_weight_ridge_0p75_lgbm_1p25_scale_0p85	E8 weighted blend with 0.75 Ridge, 1.25 LightGBM, and 0.85 score scale.	data/runs/phase2-source-20260424	100	48	0.3		5.0	2.584283379869341	1.1306854857762518	1.4535978940930891	-0.5245594937593965	1.3561012039712808	0.8905982325010497	0.5296705169708226	0.2652452310094938	1.9969087284056175	-0.1757355392420663	0.7038000192479257									46.0	provisional	candidate beats SPY on point estimates but CI lower bound is not positive
2026-04-24T17:38:48.094770+00:00	exp_e8_weight_ridge_0p5_lgbm_1p5_scale_0p85_20260424T173830Z	76faebf77ad68f86cb49c0fbe2c233f343974564	e8_weight_ridge_0p5_lgbm_1p5_scale_0p85	E8 weighted blend with 0.5 Ridge, 1.5 LightGBM, and 0.85 score scale.	data/runs/phase2-source-20260424	100	48	0.3		5.0	2.0035865265904387	1.1306854857762518	0.8729010408141868	-0.6887717561671287	1.1865022219472932	0.6882453461433924	0.4147486460045734	0.2623833241875547	1.5806974291861098	-0.16678011056141717	0.7194397179757683									46.0	provisional	candidate beats SPY on point estimates but CI lower bound is not positive
2026-04-24T17:39:49.539990+00:00	exp_e8_weight_ridge_1p15_lgbm_0p85_scale_0p85_20260424T173932Z	76faebf77ad68f86cb49c0fbe2c233f343974564	e8_weight_ridge_1p15_lgbm_0p85_scale_0p85	E8 weighted blend with 1.15 Ridge, 0.85 LightGBM, and 0.85 score scale.	data/runs/phase2-source-20260424	100	48	0.3		5.0	3.12044461147501	1.1306854857762518	1.9897591256987583	-0.3548082276569358	1.6619314320250669	1.0653999836356975	0.6183858130533881	0.26448578680849477	2.338068221038813	-0.1931537173025244	0.6830211983383516									46.0	provisional	candidate beats SPY on point estimates but CI lower bound is not positive
2026-04-24T17:40:07.835455+00:00	exp_e8_weight_ridge_1p2_lgbm_0p8_scale_0p85_20260424T173950Z	76faebf77ad68f86cb49c0fbe2c233f343974564	e8_weight_ridge_1p2_lgbm_0p8_scale_0p85	E8 weighted blend with 1.2 Ridge, 0.8 LightGBM, and 0.85 score scale.	data/runs/phase2-source-20260424	100	48	0.3		5.0	3.1369053037824015	1.1306854857762518	2.0062198180061497	-0.3604045388085006	1.6479958146471512	1.069577868283377	0.6203246817612673	0.2644139055321175	2.3460365312970217	-0.1942646996588041	0.6815808939339404									46.0	provisional	candidate beats SPY on point estimates but CI lower bound is not positive
2026-04-24T17:40:26.137124+00:00	exp_e8_weight_ridge_1p3_lgbm_0p7_scale_0p85_20260424T174008Z	76faebf77ad68f86cb49c0fbe2c233f343974564	e8_weight_ridge_1p3_lgbm_0p7_scale_0p85	E8 weighted blend with 1.3 Ridge, 0.7 LightGBM, and 0.85 score scale.	data/runs/phase2-source-20260424	100	48	0.3		5.0	3.1209009548713618	1.1306854857762518	1.99021546909511	-0.3997242539749079	1.6838734381516542	1.0605306977650044	0.6155906270985171	0.26436970953248884	2.328521781815046	-0.1972750174901482	0.6818132638892714									46.0	provisional	candidate beats SPY on point estimates but CI lower bound is not positive
2026-04-24T17:40:44.547950+00:00	exp_e8_weight_ridge_1p35_lgbm_0p65_scale_0p85_20260424T174027Z	76faebf77ad68f86cb49c0fbe2c233f343974564	e8_weight_ridge_1p35_lgbm_0p65_scale_0p85	E8 weighted blend with 1.35 Ridge, 0.65 LightGBM, and 0.85 score scale.	data/runs/phase2-source-20260424	100	48	0.3		5.0	3.107418766177919	1.1306854857762518	1.976733280401667	-0.4166865658255537	1.68559292598882	1.054084857578789	0.6122523563390019	0.2645123404122057	2.314645718928998	-0.19855677712757236	0.6834244702877392									46.0	provisional	candidate beats SPY on point estimates but CI lower bound is not positive
2026-04-24T17:43:11.826526+00:00	exp_e8_weight_ridge_1p18_lgbm_0p82_scale_0p85_20260424T174254Z	76faebf77ad68f86cb49c0fbe2c233f343974564	e8_weight_ridge_1p18_lgbm_0p82_scale_0p85	E8 weighted blend with 1.18 Ridge, 0.82 LightGBM, and 0.85 score scale.	data/runs/phase2-source-20260424	100	48	0.3		5.0	3.13620131372322	1.1306854857762518	2.0055158279469683	-0.3645339697386638	1.655802097775748	1.0695651283231702	0.6203251210657611	0.26444268581979363	2.345782864603357	-0.1937931586517032	0.6832805587592696									46.0	provisional	candidate beats SPY on point estimates but CI lower bound is not positive
2026-04-24T17:43:52.422097+00:00	exp_e8_weight_ridge_1p19_lgbm_0p81_scale_0p85_20260424T174334Z	76faebf77ad68f86cb49c0fbe2c233f343974564	e8_weight_ridge_1p19_lgbm_0p81_scale_0p85	E8 weighted blend with 1.19 Ridge, 0.81 LightGBM, and 0.85 score scale.	data/runs/phase2-source-20260424	100	48	0.3		5.0	3.1357949001937104	1.1306854857762518	2.0051094144174586	-0.361516501255675	1.651502019335791	1.0692835633242894	0.6201804273139554	0.2644149082123061	2.345482074013751	-0.19402876746349818	0.6825131824431522									46.0	provisional	candidate beats SPY on point estimates but CI lower bound is not positive
2026-04-24T17:44:11.485934+00:00	exp_e8_weight_ridge_1p21_lgbm_0p79_scale_0p85_20260424T174353Z	76faebf77ad68f86cb49c0fbe2c233f343974564	e8_weight_ridge_1p21_lgbm_0p79_scale_0p85	E8 weighted blend with 1.21 Ridge, 0.79 LightGBM, and 0.85 score scale.	data/runs/phase2-source-20260424	100	48	0.3		5.0	3.136652333933242	1.1306854857762518	2.0059668481569903	-0.36207684076122476	1.6441584179904627	1.0692945624608807	0.6201754091330557	0.264381753020075	2.34575723191443	-0.1945008622573614	0.6808180588978564									46.0	provisional	candidate beats SPY on point estimates but CI lower bound is not positive
2026-04-24T17:44:29.960277+00:00	exp_e8_weight_ridge_1p22_lgbm_0p78_scale_0p85_20260424T174412Z	76faebf77ad68f86cb49c0fbe2c233f343974564	e8_weight_ridge_1p22_lgbm_0p78_scale_0p85	E8 weighted blend with 1.22 Ridge, 0.78 LightGBM, and 0.85 score scale.	data/runs/phase2-source-20260424	100	48	0.3		5.0	3.1335304340683705	1.1306854857762518	2.0028449482921187	-0.36693625322384915	1.6398214180071542	1.067824814840126	0.6194240712590291	0.264283003115458	2.3437907998510963	-0.19473702704232665	0.680206268860883									46.0	provisional	candidate beats SPY on point estimates but CI lower bound is not positive
2026-04-24T17:44:48.531364+00:00	exp_e8_weight_ridge_1p2_lgbm_0p8_scale_0p82_20260424T174430Z	76faebf77ad68f86cb49c0fbe2c233f343974564	e8_weight_ridge_1p2_lgbm_0p8_scale_0p82	E8 weighted blend with 1.2 Ridge, 0.8 LightGBM, and 0.82 score scale.	data/runs/phase2-source-20260424	100	48	0.3		5.0	3.129987529184918	1.1306854857762518	1.9993020434086661	-0.35896756027121457	1.6573091500725232	1.0526259273022975	0.6104839038762604	0.25936290617788027	2.3537826317290294	-0.19100331346211552	0.68251848552784									46.0	provisional	candidate beats SPY on point estimates but CI lower bound is not positive
2026-04-24T17:45:07.052560+00:00	exp_e8_weight_ridge_1p2_lgbm_0p8_scale_0p88_20260424T174449Z	76faebf77ad68f86cb49c0fbe2c233f343974564	e8_weight_ridge_1p2_lgbm_0p8_scale_0p88	E8 weighted blend with 1.2 Ridge, 0.8 LightGBM, and 0.88 score scale.	data/runs/phase2-source-20260424	100	48	0.3		5.0	3.148805508116654	1.1306854857762518	2.018120022340402	-0.36814078073279377	1.6383751398075992	1.0876580007212184	0.6306001394389054	0.2692616134389857	2.341960784476241	-0.19761739279894752	0.6810731157772927									46.0	provisional	candidate beats SPY on point estimates but CI lower bound is not positive
2026-04-24T17:46:09.367465+00:00	exp_e8_weight_ridge_1p2_lgbm_0p8_scale_0p86_20260424T174551Z	76faebf77ad68f86cb49c0fbe2c233f343974564	e8_weight_ridge_1p2_lgbm_0p8_scale_0p86	E8 weighted blend with 1.2 Ridge, 0.8 LightGBM, and 0.86 score scale.	data/runs/phase2-source-20260424	100	48	0.3		5.0	3.140663703400617	1.1306854857762518	2.009978217624365	-0.36345729774073965	1.644523756224308	1.0755194300589164	0.6237142083929793	0.2660239589388629	2.3445790780683784	-0.19537744733370077	0.681363946577774									46.0	provisional	candidate beats SPY on point estimates but CI lower bound is not positive
2026-04-24T17:46:27.772363+00:00	exp_e8_weight_ridge_1p2_lgbm_0p8_scale_0p87_20260424T174610Z	76faebf77ad68f86cb49c0fbe2c233f343974564	e8_weight_ridge_1p2_lgbm_0p8_scale_0p87	E8 weighted blend with 1.2 Ridge, 0.8 LightGBM, and 0.87 score scale.	data/runs/phase2-source-20260424	100	48	0.3		5.0	3.1448154886136135	1.1306854857762518	2.0141300028373617	-0.3665716289691053	1.6411864617282503	1.0816147885461103	0.6271735353731855	0.2676438270490742	2.3433140315176755	-0.19649793971206575	0.681185337182092									46.0	provisional	candidate beats SPY on point estimates but CI lower bound is not positive
2026-04-24T17:46:46.168030+00:00	exp_e8_weight_ridge_1p2_lgbm_0p8_scale_0p89_20260424T174628Z	76faebf77ad68f86cb49c0fbe2c233f343974564	e8_weight_ridge_1p2_lgbm_0p8_scale_0p89	E8 weighted blend with 1.2 Ridge, 0.8 LightGBM, and 0.89 score scale.	data/runs/phase2-source-20260424	100	48	0.3		5.0	3.1520272642710383	1.1306854857762518	2.0213417784947865	-0.3683600567295691	1.638296985826553	1.09354525510681	0.6339559821094868	0.27089394840440106	2.3402367821192245	-0.1987358070625086	0.6809033128681612									46.0	provisional	candidate beats SPY on point estimates but CI lower bound is not positive
2026-04-24T17:47:04.544282+00:00	exp_e8_weight_ridge_1p2_lgbm_0p8_scale_0p90_20260424T174647Z	76faebf77ad68f86cb49c0fbe2c233f343974564	e8_weight_ridge_1p2_lgbm_0p8_scale_0p90	E8 weighted blend with 1.2 Ridge, 0.8 LightGBM, and 0.90 score scale.	data/runs/phase2-source-20260424	100	48	0.3		5.0	3.1562882842167563	1.1306854857762518	2.0256027984405045	-0.3683452493127306	1.638809422262559	1.0996485394296953	0.637393367210283	0.27249400420768005	2.3391096955091037	-0.19985318313432787	0.6806047160553002									46.0	provisional	candidate beats SPY on point estimates but CI lower bound is not positive
2026-04-24T17:47:23.578217+00:00	exp_e8_weight_ridge_1p2_lgbm_0p8_scale_0p92_20260424T174705Z	76faebf77ad68f86cb49c0fbe2c233f343974564	e8_weight_ridge_1p2_lgbm_0p8_scale_0p92	E8 weighted blend with 1.2 Ridge, 0.8 LightGBM, and 0.92 score scale.	data/runs/phase2-source-20260424	100	48	0.3		5.0	3.1714254776155495	1.1306854857762518	2.0407399918392977	-0.36908267879376433	1.6401431875497612	1.1144779675754486	0.6455335200935275	0.2757909985436737	2.3406620357527808	-0.20205372464071558	0.6799851683454906									46.0	provisional	candidate beats SPY on point estimates but CI lower bound is not positive
2026-04-24T17:48:21.562939+00:00	exp_e8_weight_ridge_1p2_lgbm_0p8_scale_0p94_20260424T174803Z	76faebf77ad68f86cb49c0fbe2c233f343974564	e8_weight_ridge_1p2_lgbm_0p8_scale_0p94	E8 weighted blend with 1.2 Ridge, 0.8 LightGBM, and 0.94 score scale.	data/runs/phase2-source-20260424	100	48	0.3		5.0	3.1854408199223885	1.1306854857762518	2.0547553341461366	-0.3692683859503844	1.6420097515141991	1.129143859474302	0.6535689052551056	0.279156540154623	2.3412272730314614	-0.2041753914270843	0.6797168263611302									46.0	provisional	candidate beats SPY on point estimates but CI lower bound is not positive
2026-04-24T17:48:40.064394+00:00	exp_e8_weight_ridge_1p2_lgbm_0p8_scale_0p96_20260424T174822Z	76faebf77ad68f86cb49c0fbe2c233f343974564	e8_weight_ridge_1p2_lgbm_0p8_scale_0p96	E8 weighted blend with 1.2 Ridge, 0.8 LightGBM, and 0.96 score scale.	data/runs/phase2-source-20260424	100	48	0.3		5.0	3.1928530515610776	1.1306854857762518	2.0621675657848257	-0.3693400844027621	1.636769954464067	1.1409637287645062	0.6601578208069143	0.2823058431344464	2.3384490150015007	-0.20629327900528505	0.6792568413802882									46.0	provisional	candidate beats SPY on point estimates but CI lower bound is not positive
2026-04-24T17:48:58.879860+00:00	exp_e8_weight_ridge_1p2_lgbm_0p8_scale_0p98_20260424T174841Z	76faebf77ad68f86cb49c0fbe2c233f343974564	e8_weight_ridge_1p2_lgbm_0p8_scale_0p98	E8 weighted blend with 1.2 Ridge, 0.8 LightGBM, and 0.98 score scale.	data/runs/phase2-source-20260424	100	48	0.3		5.0	3.203715816269253	1.1306854857762518	2.073030330493001	-0.36781337766201994	1.6337406935578604	1.154437772377301	0.6675415675667941	0.2854653855321243	2.3384326135459723	-0.20834257675909573	0.6788685917263821									46.0	provisional	candidate beats SPY on point estimates but CI lower bound is not positive
2026-04-24T17:49:18.104133+00:00	exp_e8_weight_ridge_1p2_lgbm_0p8_scale_1p00_20260424T174900Z	76faebf77ad68f86cb49c0fbe2c233f343974564	e8_weight_ridge_1p2_lgbm_0p8_scale_1p00	E8 weighted blend with 1.2 Ridge, 0.8 LightGBM, and 1.00 score scale.	data/runs/phase2-source-20260424	100	48	0.3		5.0	3.2169549162228597	1.1306854857762518	2.086269430446608	-0.3639667339248278	1.6326293783152155	1.1682637900391506	0.6749967219313283	0.2884164999363858	2.3403540438227637	-0.2101153421352876	0.6784915514922842									46.0	provisional	candidate beats SPY on point estimates but CI lower bound is not positive
2026-04-24T17:49:36.698094+00:00	exp_e8_weight_ridge_1p2_lgbm_0p8_scale_1p05_20260424T174919Z	76faebf77ad68f86cb49c0fbe2c233f343974564	e8_weight_ridge_1p2_lgbm_0p8_scale_1p05	E8 weighted blend with 1.2 Ridge, 0.8 LightGBM, and 1.05 score scale.	data/runs/phase2-source-20260424	100	48	0.3		5.0	3.241326599105511	1.1306854857762518	2.110641113329259	-0.3663018525802998	1.6286027474949545	1.198501309852471	0.6913405489720599	0.29524556053951484	2.341578134854064	-0.21425260086728637	0.6788753406756437									46.0	provisional	candidate beats SPY on point estimates but CI lower bound is not positive
2026-04-24T17:50:33.767463+00:00	exp_e8_weight_ridge_1p2_lgbm_0p8_scale_1p10_20260424T175016Z	76faebf77ad68f86cb49c0fbe2c233f343974564	e8_weight_ridge_1p2_lgbm_0p8_scale_1p10	E8 weighted blend with 1.2 Ridge, 0.8 LightGBM, and 1.10 score scale.	data/runs/phase2-source-20260424	100	48	0.3		5.0	3.255394353150871	1.1306854857762518	2.1247088673746193	-0.3517931678837248	1.6265013820674552	1.2254837188711485	0.7060763949884286	0.30220403729047124	2.336422773563958	-0.21846344861889422	0.6794597547715351									46.0	provisional	candidate beats SPY on point estimates but CI lower bound is not positive
2026-04-24T17:50:52.873854+00:00	exp_e8_weight_ridge_1p2_lgbm_0p8_scale_1p15_20260424T175035Z	76faebf77ad68f86cb49c0fbe2c233f343974564	e8_weight_ridge_1p2_lgbm_0p8_scale_1p15	E8 weighted blend with 1.2 Ridge, 0.8 LightGBM, and 1.15 score scale.	data/runs/phase2-source-20260424	100	48	0.3		5.0	3.2531334534829326	1.1306854857762518	2.1224479677066808	-0.3432745378191586	1.6292340959556026	1.2447369300422277	0.7170217441982417	0.30859631526661613	2.3234941855308957	-0.2225100557994537	0.6811672393434883									46.0	provisional	candidate beats SPY on point estimates but CI lower bound is not positive
2026-04-24T17:51:11.768268+00:00	exp_e8_weight_ridge_1p2_lgbm_0p8_scale_1p20_20260424T175054Z	76faebf77ad68f86cb49c0fbe2c233f343974564	e8_weight_ridge_1p2_lgbm_0p8_scale_1p20	E8 weighted blend with 1.2 Ridge, 0.8 LightGBM, and 1.20 score scale.	data/runs/phase2-source-20260424	100	48	0.3		5.0	3.255863567365209	1.1306854857762518	2.1251780815889574	-0.3350284437967224	1.6313567028029754	1.2674254676724854	0.7296305023552785	0.3153822359515798	2.3134800225948604	-0.22650571034029277	0.6826422670253849									46.0	provisional	candidate beats SPY on point estimates but CI lower bound is not positive
2026-04-24T17:51:30.259581+00:00	exp_e8_weight_ridge_1p2_lgbm_0p8_scale_1p30_20260424T175112Z	76faebf77ad68f86cb49c0fbe2c233f343974564	e8_weight_ridge_1p2_lgbm_0p8_scale_1p30	E8 weighted blend with 1.2 Ridge, 0.8 LightGBM, and 1.30 score scale.	data/runs/phase2-source-20260424	100	48	0.3		5.0	3.253273497191648	1.1306854857762518	2.122588011415396	-0.3429351298875405	1.6436368158179506	1.3045098742986139	0.7503888312576038	0.3275029015955565	2.2912433068586435	-0.23135160800793564	0.6832112428708045									46.0	provisional	candidate beats SPY on point estimates but CI lower bound is not positive
2026-04-24T17:51:48.776011+00:00	exp_e8_weight_ridge_1p2_lgbm_0p8_scale_1p50_20260424T175131Z	76faebf77ad68f86cb49c0fbe2c233f343974564	e8_weight_ridge_1p2_lgbm_0p8_scale_1p50	E8 weighted blend with 1.2 Ridge, 0.8 LightGBM, and 1.50 score scale.	data/runs/phase2-source-20260424	100	48	0.3		5.0	3.0745521082480014	1.1306854857762518	1.9438666224717496	-0.39621454101341685	1.5960235054850622	1.2824067952540417	0.74644845653421	0.34315445891022733	2.175255011707391	-0.233431825462182	0.680011836401348									46.0	provisional	candidate beats SPY on point estimates but CI lower bound is not positive
2026-04-24T17:55:12.309950+00:00	exp_catboost_return_zscore_20260424T175450Z	76faebf77ad68f86cb49c0fbe2c233f343974564	catboost_return_zscore	CatBoost return regression with z-scored forecast scores.	data/runs/phase2-source-20260424	100	48	0.3		5.0	1.8285916483372677	1.1306854857762518	0.6979061625610159	-0.6053026086375423	1.1134181308334963	0.6137931065501228	0.3665921938833163	0.24451605778514898	1.4992561110462244	-0.18783128608346766	0.7375607586332724									46.0	provisional	candidate beats SPY on point estimates but CI lower bound is not positive
2026-04-24T17:55:49.662044+00:00	exp_catboost_return_zscore_deep_20260424T175513Z	76faebf77ad68f86cb49c0fbe2c233f343974564	catboost_return_zscore_deep	CatBoost return regression with the deeper grid profile and z-scored scores.	data/runs/phase2-source-20260424	100	48	0.3		5.0	1.6538124827750684	1.1306854857762518	0.5231269969988166	-0.7780494027454988	0.8857340366914342	0.5934224426662609	0.3611545190451982	0.267315610722517	1.3510416322827072	-0.1751365870700412	0.7159855585332763									46.0	provisional	candidate beats SPY on point estimates but CI lower bound is not positive
2026-04-24T17:56:12.933420+00:00	exp_catboost_return_scale_0p85_20260424T175550Z	76faebf77ad68f86cb49c0fbe2c233f343974564	catboost_return_scale_0p85	CatBoost return regression with z-scored scores scaled by 0.85.	data/runs/phase2-source-20260424	100	48	0.3		5.0	1.5681009708750642	1.1306854857762518	0.43741548509881234	-0.6811448347590272	0.9934153153824086	0.49023540963656576	0.2791654980933576	0.22061397652309556	1.2654025936753488	-0.17947886942740332	0.7404532212672714									46.0	provisional	candidate beats SPY on point estimates but CI lower bound is not positive
2026-04-24T17:56:36.211699+00:00	exp_catboost_return_scale_1p20_20260424T175613Z	76faebf77ad68f86cb49c0fbe2c233f343974564	catboost_return_scale_1p20	CatBoost return regression with z-scored scores scaled by 1.20.	data/runs/phase2-source-20260424	100	48	0.3		5.0	2.0165304990487827	1.1306854857762518	0.8858450132725308	-0.5963915403521188	1.1708578663750693	0.7341317722792133	0.44851721382356624	0.2756605004985934	1.627063772329815	-0.19598705639948666	0.7275673613117667									46.0	provisional	candidate beats SPY on point estimates but CI lower bound is not positive
2026-04-24T17:57:00.504446+00:00	exp_ridge_catboost_1p0_1p0_scale_1p00_20260424T175637Z	76faebf77ad68f86cb49c0fbe2c233f343974564	ridge_catboost_1p0_1p0_scale_1p00	Ridge plus CatBoost weighted blend with 1.0/1.0 weights and 1.00 scale.	data/runs/phase2-source-20260424	100	48	0.3		5.0	2.2443940903259727	1.1306854857762518	1.1137086045497209	-0.5453430011116347	1.3020461124313785	0.89569058397779	0.5512689215515527	0.3121175879266886	1.7662219076261634	-0.2224007309558973	0.6819369323904414									46.0	provisional	candidate beats SPY on point estimates but CI lower bound is not positive
2026-04-24T17:57:24.866811+00:00	exp_ridge_catboost_1p2_0p8_scale_1p00_20260424T175701Z	76faebf77ad68f86cb49c0fbe2c233f343974564	ridge_catboost_1p2_0p8_scale_1p00	Ridge plus CatBoost weighted blend with 1.2/0.8 weights and 1.00 scale.	data/runs/phase2-source-20260424	100	48	0.3		5.0	2.5079608260729636	1.1306854857762518	1.3772753402967117	-0.50791476391263	1.395900290939923	0.9572839999380456	0.5775318789540793	0.2973755550653304	1.94209600996693	-0.2214843589188722	0.6681123382465688									46.0	provisional	candidate beats SPY on point estimates but CI lower bound is not positive
2026-04-24T17:57:49.276051+00:00	exp_ridge_catboost_0p8_1p2_scale_1p00_20260424T175725Z	76faebf77ad68f86cb49c0fbe2c233f343974564	ridge_catboost_0p8_1p2_scale_1p00	Ridge plus CatBoost weighted blend with 0.8/1.2 weights and 1.00 scale.	data/runs/phase2-source-20260424	100	48	0.3		5.0	2.364425983737005	1.1306854857762518	1.2337404979607531	-0.49124692317589436	1.3054972127382367	0.9743241148641422	0.5968520266423506	0.32557837899348346	1.8332053513120314	-0.20896806431365533	0.6896889869369349									46.0	provisional	candidate beats SPY on point estimates but CI lower bound is not positive
2026-04-24T17:58:13.649416+00:00	exp_ridge_catboost_1p0_1p0_scale_1p20_20260424T175750Z	76faebf77ad68f86cb49c0fbe2c233f343974564	ridge_catboost_1p0_1p0_scale_1p20	Ridge plus CatBoost weighted blend with 1.0/1.0 weights and 1.20 scale.	data/runs/phase2-source-20260424	100	48	0.3		5.0	2.353025340150125	1.1306854857762518	1.2223398543738733	-0.5616047933090218	1.3094979989577995	1.0257112129828685	0.6319324099658391	0.35204777558684	1.7950188973995085	-0.23199584356363756	0.6845704850648808									46.0	provisional	candidate beats SPY on point estimates but CI lower bound is not positive
2026-04-24T17:59:42.958883+00:00	exp_catboost_rank_target_zscore_20260424T175920Z	76faebf77ad68f86cb49c0fbe2c233f343974564	catboost_rank_target_zscore	CatBoost regression trained on 5-day forward ranks with z-scored scores.	data/runs/phase2-source-20260424	100	48	0.3		5.0	0.5131769574816221	1.1306854857762518	-0.6175085282946298	-1.3647981332612162	0.5315217065052148	0.12768285437894922	-0.018404855692796575	0.1917021831422628	-0.09600754352984218	-0.18670531915206612	0.8058983308611269									46.0	rejected	candidate Sharpe does not beat SPY Sharpe; annualized active return is not positive; SPY-relative information ratio is not positive
2026-04-24T18:00:20.967540+00:00	exp_catboost_top_tercile_zscore_20260424T175944Z	76faebf77ad68f86cb49c0fbe2c233f343974564	catboost_top_tercile_zscore	CatBoost top-tercile classifier with z-scored probabilities.	data/runs/phase2-source-20260424	100	48	0.3		5.0	2.2965902579409154	1.1306854857762518	1.1659047721646636	-0.6940083151074679	1.3098099095431317	0.599642003354955	0.3362340219463844	0.2087017136157793	1.61107456245133	-0.10226673272778797	0.7478122715454897									46.0	provisional	candidate beats SPY on point estimates but CI lower bound is not positive
2026-04-24T18:00:40.189505+00:00	exp_catboost_momentum_return_zscore_20260424T180022Z	76faebf77ad68f86cb49c0fbe2c233f343974564	catboost_momentum_return_zscore	CatBoost return regression using momentum, rank, and return features.	data/runs/phase2-source-20260424	100	48	0.3		5.0	2.5820958327468375	1.1306854857762518	1.4514103469705857	-0.4333511894088301	1.3293592977127893	0.9321719691947257	0.5562589758997779	0.27792947958339836	2.0014392742129434	-0.1282461577983095	0.7238796521754634									46.0	provisional	candidate beats SPY on point estimates but CI lower bound is not positive
2026-04-24T18:00:59.548784+00:00	exp_catboost_momentum_risk_zscore_20260424T180041Z	76faebf77ad68f86cb49c0fbe2c233f343974564	catboost_momentum_risk_zscore	CatBoost return regression using momentum, risk, drawdown, and short returns.	data/runs/phase2-source-20260424	100	48	0.3		5.0	1.675261950623972	1.1306854857762518	0.5445764648477203	-0.7571063350179171	1.0055403163979446	0.5778204005675378	0.3468393283265476	0.2600702655986209	1.3336369981712621	-0.18070208839663526	0.706533776752388									46.0	provisional	candidate beats SPY on point estimates but CI lower bound is not positive
2026-04-24T18:01:23.499595+00:00	exp_ridge_catboost_1p2_0p8_scale_1p20_20260424T180100Z	76faebf77ad68f86cb49c0fbe2c233f343974564	ridge_catboost_1p2_0p8_scale_1p20	Ridge plus CatBoost weighted blend with 1.2/0.8 weights and 1.20 scale.	data/runs/phase2-source-20260424	100	48	0.3		5.0	2.708501390872195	1.1306854857762518	1.5778159050959433	-0.4688261359302113	1.4541753929908026	1.1206624601433477	0.6700842700127808	0.3323220038824597	2.0163704545119003	-0.2313917290370141	0.6686215901509907									46.0	provisional	candidate beats SPY on point estimates but CI lower bound is not positive
2026-04-24T18:01:47.753844+00:00	exp_ridge_catboost_1p5_0p5_scale_1p00_20260424T180124Z	76faebf77ad68f86cb49c0fbe2c233f343974564	ridge_catboost_1p5_0p5_scale_1p00	Ridge plus CatBoost weighted blend with 1.5/0.5 weights and 1.00 scale.	data/runs/phase2-source-20260424	100	48	0.3		5.0	2.745800754436633	1.1306854857762518	1.6151152686603814	-0.5014218521741736	1.4819004454325833	1.041149806013268	0.6193079135761477	0.2971275355500976	2.0843167982717254	-0.2092108899604178	0.6856408378748136									46.0	provisional	candidate beats SPY on point estimates but CI lower bound is not positive
2026-04-24T18:02:12.163023+00:00	exp_ridge_catboost_1p5_0p5_scale_1p20_20260424T180148Z	76faebf77ad68f86cb49c0fbe2c233f343974564	ridge_catboost_1p5_0p5_scale_1p20	Ridge plus CatBoost weighted blend with 1.5/0.5 weights and 1.20 scale.	data/runs/phase2-source-20260424	100	48	0.3		5.0	3.0700511007567295	1.1306854857762518	1.9393656149804777	-0.41011808796863025	1.5602390508333062	1.2620686262405494	0.7352127803517059	0.3296566144664359	2.230238217854906	-0.21687472827369558	0.6853049799282919									46.0	provisional	candidate beats SPY on point estimates but CI lower bound is not positive
2026-04-24T18:03:22.814155+00:00	exp_ridge_catboost_1p5_0p5_scale_1p30_20260424T180259Z	76faebf77ad68f86cb49c0fbe2c233f343974564	ridge_catboost_1p5_0p5_scale_1p30	Ridge plus CatBoost weighted blend with 1.5/0.5 weights and 1.30 scale.	data/runs/phase2-source-20260424	100	48	0.3		5.0	3.13807149242954	1.1306854857762518	2.007386006653288	-0.4013695583223993	1.5612807433418214	1.33738805166149	0.7741611136874643	0.3451092603545717	2.24323483204153	-0.22262275455334535	0.6821435781988938									46.0	provisional	candidate beats SPY on point estimates but CI lower bound is not positive
2026-04-24T18:03:46.906122+00:00	exp_ridge_catboost_1p5_0p5_scale_1p50_20260424T180323Z	76faebf77ad68f86cb49c0fbe2c233f343974564	ridge_catboost_1p5_0p5_scale_1p50	Ridge plus CatBoost weighted blend with 1.5/0.5 weights and 1.50 scale.	data/runs/phase2-source-20260424	100	48	0.3		5.0	3.1290294436421857	1.1306854857762518	1.9983439578659339	-0.3932278677084127	1.5160518523336113	1.4333432422284593	0.8274740826293998	0.3782813249078406	2.187456869119813	-0.23298682245979407	0.6800216193241928									46.0	provisional	candidate beats SPY on point estimates but CI lower bound is not positive
2026-04-24T18:04:11.014070+00:00	exp_ridge_catboost_1p5_0p5_scale_1p80_20260424T180347Z	76faebf77ad68f86cb49c0fbe2c233f343974564	ridge_catboost_1p5_0p5_scale_1p80	Ridge plus CatBoost weighted blend with 1.5/0.5 weights and 1.80 scale.	data/runs/phase2-source-20260424	100	48	0.3		5.0	3.2503919111698956	1.1306854857762518	2.1197064253936437	-0.3971554408787262	1.5273324098301087	1.6452377746725388	0.9321787851700678	0.4289927159621934	2.1729478158603968	-0.24153574910323705	0.679840785566063									46.0	provisional	candidate beats SPY on point estimates but CI lower bound is not positive
2026-04-24T18:04:49.373097+00:00	exp_ridge_catboost_1p5_0p5_deep_scale_1p20_20260424T180412Z	76faebf77ad68f86cb49c0fbe2c233f343974564	ridge_catboost_1p5_0p5_deep_scale_1p20	Ridge plus deeper CatBoost weighted blend with 1.5/0.5 weights and 1.20 scale.	data/runs/phase2-source-20260424	100	48	0.3		5.0	2.9717456690272526	1.1306854857762518	1.8410601832510007	-0.40940058519856626	1.561264366563269	1.2444807055419767	0.7299395606006762	0.34024676696329953	2.1453240161997207	-0.21702767222136843	0.7041554106644985									46.0	provisional	candidate beats SPY on point estimates but CI lower bound is not positive
2026-04-24T18:05:09.303147+00:00	exp_ridge_catboost_momentum_return_1p5_0p5_scale_1p20_20260424T180450Z	76faebf77ad68f86cb49c0fbe2c233f343974564	ridge_catboost_momentum_return_1p5_0p5_scale_1p20	Ridge plus CatBoost blend using momentum/return features, 1.5/0.5 weights, and 1.20 scale.	data/runs/phase2-source-20260424	100	48	0.3		5.0	3.0031656897190513	1.1306854857762518	1.8724802039427995	-0.5067555313254477	1.3084361124234303	1.6802793635229043	0.9658255549578394	0.4815612716899499	2.0056130169447677	-0.1973913422635437	0.7352308040851467									46.0	provisional	candidate beats SPY on point estimates but CI lower bound is not positive
2026-04-24T18:06:45.168101+00:00	exp_e8_catboost_1p2_0p8_0p2_scale_1p20_20260424T180608Z	76faebf77ad68f86cb49c0fbe2c233f343974564	e8_catboost_1p2_0p8_0p2_scale_1p20	Ridge, LightGBM, and CatBoost blend with 1.2/0.8/0.2 weights and 1.20 scale.	data/runs/phase2-source-20260424	100	48	0.3		5.0	3.061568025427095	1.1306854857762518	1.930882539650843	-0.37318418109407747	1.5869741941078153	1.2243261822976255	0.713977265224375	0.32310060371371924	2.209767660654045	-0.22936573645005343	0.6610234026199435									46.0	provisional	candidate beats SPY on point estimates but CI lower bound is not positive
2026-04-24T18:07:23.255434+00:00	exp_e8_catboost_1p2_0p8_0p5_scale_1p20_20260424T180646Z	76faebf77ad68f86cb49c0fbe2c233f343974564	e8_catboost_1p2_0p8_0p5_scale_1p20	Ridge, LightGBM, and CatBoost blend with 1.2/0.8/0.5 weights and 1.20 scale.	data/runs/phase2-source-20260424	100	48	0.3		5.0	2.517198997187994	1.1306854857762518	1.3865135114117422	-0.5903673264735283	1.38902768637402	1.0831289948820997	0.6589439901157982	0.3509253649469121	1.8777325777390956	-0.22588021852961937	0.6577401578983679									46.0	provisional	candidate beats SPY on point estimates but CI lower bound is not positive
2026-04-24T18:08:01.147013+00:00	exp_e8_catboost_1p3_0p7_0p2_scale_1p20_20260424T180724Z	76faebf77ad68f86cb49c0fbe2c233f343974564	e8_catboost_1p3_0p7_0p2_scale_1p20	Ridge, LightGBM, and CatBoost blend with 1.3/0.7/0.2 weights and 1.20 scale.	data/runs/phase2-source-20260424	100	48	0.3		5.0	3.2247601019018757	1.1306854857762518	2.094074616125624	-0.39778003845051285	1.6879248181106503	1.29726458616764	0.7478106195738398	0.32844561939925376	2.2768171514713123	-0.2395731901053939	0.6637496131069834									46.0	provisional	candidate beats SPY on point estimates but CI lower bound is not positive
2026-04-24T18:08:39.518704+00:00	exp_e8_catboost_1p2_0p8_0p2_scale_1p30_20260424T180802Z	76faebf77ad68f86cb49c0fbe2c233f343974564	e8_catboost_1p2_0p8_0p2_scale_1p30	Ridge, LightGBM, and CatBoost blend with 1.2/0.8/0.2 weights and 1.30 scale.	data/runs/phase2-source-20260424	100	48	0.3		5.0	3.050885398095857	1.1306854857762518	1.920199912319605	-0.39417228759200384	1.5742502414248256	1.2607448441743854	0.7353549517458784	0.3363695761934338	2.186151791929609	-0.23128444244408508	0.660002835987556									46.0	provisional	candidate beats SPY on point estimates but CI lower bound is not positive
2026-04-28T14:25:05.124243+00:00	e8-baseline-production-pit-broad-20260428	7560ca597eda5e0a9f5c8e294a95acfe06622fd0	e8_baseline	Current Phase 2 E8 Ridge plus LightGBM regression blend.	data/runs/phase2-source-20260424	100	241	0.3	0.02	5.0	0.9390920827890626	1.1396042588320314	-0.20051217604296878	-1.0846778747512844	0.82233484054249	0.35799922879183765	0.19119552403766846	0.2853139142568646	0.6701233780892211	-0.36607177003859137	0.034697824883270556	15454.5808393845	10045.59280595671	5408.98803342779	3.2392179947607644	1.1552111148889654	0.4622709531079229	4800.0	2210.0901197021403	236.0	rejected	candidate Sharpe does not beat SPY Sharpe
2026-04-28T14:28:04.991116+00:00	e8-scale-0p5-production-pit-broad-20260428	7560ca597eda5e0a9f5c8e294a95acfe06622fd0	e8_scale_0p5	E8 blend with forecast scores scaled down by 0.5 before optimization.	data/runs/phase2-source-20260424	100	241	0.3	0.02	5.0	1.2123793677665053	1.1396042588320314	0.07277510893447392	-0.6756577450237974	0.9066209883708339	0.3260210006964783	0.13128619006250664	0.1719723667412629	0.7634144516951975	-0.26083517702147374	0.011441839353587722	14575.133265555984	10045.59280595671	4529.540459599273	2.7882436020634214	1.1552111148889654	0.43234048756880117	4800.0	387.51517008533636	236.0	provisional	candidate beats SPY on point estimates but CI lower bound is not positive
2026-04-28T14:31:04.793705+00:00	e8-weight-ridge-1p2-lgbm-0p8-scale-1p20-production-pit-broad-20260428	7560ca597eda5e0a9f5c8e294a95acfe06622fd0	e8_weight_ridge_1p2_lgbm_0p8_scale_1p20	E8 weighted blend with 1.2 Ridge, 0.8 LightGBM, and 1.20 score scale.	data/runs/phase2-source-20260424	100	241	0.3	0.02	5.0	0.9915360786947345	1.1396042588320314	-0.14806818013729695	-1.1404189685673987	1.016688935483132	0.3971903083266959	0.22708395011038102	0.30694111643996047	0.739829035432599	-0.37975676496852884	0.04861423196194124	16763.217476804723	10045.59280595671	6717.624670848012	3.8484873217016595	1.1552111148889654	0.5043656736332776	4800.0	3040.393836396459	236.0	rejected	candidate Sharpe does not beat SPY Sharpe
2026-04-28T14:34:33.107611+00:00	e8-scale-0p5-user300-pit-broad-20260428	7560ca597eda5e0a9f5c8e294a95acfe06622fd0	e8_scale_0p5	E8 blend with forecast scores scaled down by 0.5 before optimization.	data/runs/phase2-source-20260424	100	241	0.3	0.02	5.0	1.1389588733884017	1.1396042588320314	-0.0006453854436296869	-0.7035491320861135	0.7862570590976444	0.29856397521543787	0.10845095352271694	0.16335416194649022	0.6639007676966451	-0.24760102457651667	0.014128822265893286	11288.785062709243	8490.870752680064	2797.9143100291785	2.431997907246784	1.1145886343228022	0.41051548936986737	4800.0	300.9158955486847	236.0	rejected	candidate Sharpe does not beat SPY Sharpe
2026-04-28T15:11:00.570333+00:00	catboost-momentum-return-zscore-production-pit-broad-20260428	190daa40ce8a08dae167355b29a35c27e7668494	catboost_momentum_return_zscore	CatBoost return regression using momentum, rank, and return features.	data/runs/phase2-source-20260424	100	241	0.3	0.02	5.0	1.275287454249845	1.1396042588320314	0.13568319541781348	-0.6666969140109795	0.9915775772644271	0.34029127266663073	0.14145236889234303	0.17019734649049686	0.8311079567873354	-0.2433562517690505	0.010151235491059897	15514.11437391837	10045.59280595671	5468.5215679616595	2.984558205686855	1.1552111148889654	0.4642470090365124	4800.0	330.02751547906337	236.0	provisional	candidate beats SPY on point estimates but CI lower bound is not positive
2026-04-28T15:18:40.678052+00:00	catboost-return-zscore-production-pit-broad-20260428	190daa40ce8a08dae167355b29a35c27e7668494	catboost_return_zscore	CatBoost return regression with z-scored forecast scores.	data/runs/phase2-source-20260424	100	241	0.3	0.02	5.0	1.296345863810122	1.1396042588320314	0.15674160497809053	-0.638166065882392	1.0823957222066698	0.38280641325935627	0.18057334435550637	0.20428555475053173	0.8839261521746749	-0.2918730779102042	0.010850189817745456	16997.49304072334	10045.59280595671	6951.90023476663	3.617360012618022	1.1552111148889654	0.5116211885642259	4800.0	498.02992771569734	236.0	provisional	candidate beats SPY on point estimates but CI lower bound is not positive
2026-04-28T15:21:14.518339+00:00	lightgbm-return-zscore-production-pit-broad-20260428	190daa40ce8a08dae167355b29a35c27e7668494	lightgbm_return_zscore	LightGBM return model with z-scored forecast scores.	data/runs/phase2-source-20260424	100	241	0.3	0.02	5.0	1.607538530937319	1.1396042588320314	0.4679342721052875	-0.1642192389321772	1.3178723961562087	0.4217105740138487	0.19984378138698114	0.15250962275992633	1.310368341160781	-0.22450115076899468	0.010558909860169252	19514.98876949926	10045.59280595671	9469.39596354255	4.263429780282516	1.1552111148889654	0.5849397139700279	4800.0	371.6654086765454	236.0	provisional	candidate beats SPY on point estimates but CI lower bound is not positive
2026-04-28T15:24:43.887858+00:00	lightgbm-return-zscore-mw0p20-production-pit-broad-20260428	190daa40ce8a08dae167355b29a35c27e7668494	lightgbm_return_zscore	LightGBM return model with z-scored forecast scores.	data/runs/phase2-source-20260424	100	241	0.2	0.02	5.0	1.6200750503811023	1.1396042588320314	0.4804707915490709	-0.202910492364769	1.3467364394644323	0.43453292495464546	0.21034654295141583	0.16033771288330004	1.3118968654898686	-0.22710058346373763	0.010668828106771788	20164.427726103902	10045.59280595671	10118.834920147192	4.491280857092274	1.1552111148889654	0.6026225035482564	4800.0	390.04618656536513	236.0	provisional	candidate beats SPY on point estimates but CI lower bound is not positive
2026-04-28T15:27:17.165673+00:00	lightgbm-return-zscore-mw0p25-production-pit-broad-20260428	190daa40ce8a08dae167355b29a35c27e7668494	lightgbm_return_zscore	LightGBM return model with z-scored forecast scores.	data/runs/phase2-source-20260424	100	241	0.25	0.02	5.0	1.6480465286265442	1.1396042588320314	0.5084422697945128	-0.14374731005738536	1.3593354572578193	0.43587981143215204	0.21034183935629405	0.15494072394466277	1.3575632926009682	-0.22859072041098516	0.01069908915602119	20155.31605934032	10045.59280595671	10109.723253383609	4.515658659058814	1.1552111148889654	0.6023775622782463	4800.0	394.99714397297413	236.0	provisional	candidate beats SPY on point estimates but CI lower bound is not positive
2026-04-28T15:29:51.313019+00:00	lightgbm-return-zscore-mw0p35-production-pit-broad-20260428	190daa40ce8a08dae167355b29a35c27e7668494	lightgbm_return_zscore	LightGBM return model with z-scored forecast scores.	data/runs/phase2-source-20260424	100	241	0.35	0.02	5.0	1.5785884290160983	1.1396042588320314	0.4389841701840669	-0.22806640163886427	1.2999949041026528	0.4229021191745461	0.20214536196265345	0.15929875877664101	1.2689701006778673	-0.2295203929570795	0.01065137006825598	19757.040208261467	10045.59280595671	9711.447402304757	4.284283673464576	1.1552111148889654	0.5915841249091514	4800.0	383.05706469041326	236.0	provisional	candidate beats SPY on point estimates but CI lower bound is not positive
2026-04-28T15:32:25.971206+00:00	lightgbm-return-zscore-risk20-production-pit-broad-20260428	190daa40ce8a08dae167355b29a35c27e7668494	lightgbm_return_zscore	LightGBM return model with z-scored forecast scores.	data/runs/phase2-source-20260424	100	241	0.3	0.02	5.0	1.5696413297607015	1.1396042588320314	0.43003707092867005	-0.14114000777487848	1.2424387628492048	0.35157302825909165	0.13967859312095515	0.1211704608088948	1.152744589634355	-0.2185538285257519	0.009741621007850483	16370.614214623076	10045.59280595671	6325.0214086663655	3.1453625332295836	1.1552111148889654	0.49202245226803143	4800.0	327.8913244057589	236.0	provisional	candidate beats SPY on point estimates but CI lower bound is not positive
2026-04-28T15:35:00.523575+00:00	lightgbm-return-zscore-lambda10-production-pit-broad-20260428	190daa40ce8a08dae167355b29a35c27e7668494	lightgbm_return_zscore	LightGBM return model with z-scored forecast scores.	data/runs/phase2-source-20260424	100	241	0.3	0.02	5.0	1.3857137192834312	1.1396042588320314	0.2461094604513998	-0.47547795511046986	1.0788238397242	0.4099814721309778	0.2004918717565536	0.19156986433528606	1.0465731259570776	-0.27018728176779394	0.008486164322963218	18608.156985910606	10045.59280595671	8562.564179953895	4.0615936380438535	1.1552111148889654	0.5594487471457648	4800.0	252.62003900916827	236.0	provisional	candidate beats SPY on point estimates but CI lower bound is not positive
2026-04-28T15:37:34.874303+00:00	lightgbm-return-zscore-band04-production-pit-broad-20260428	190daa40ce8a08dae167355b29a35c27e7668494	lightgbm_return_zscore	LightGBM return model with z-scored forecast scores.	data/runs/phase2-source-20260424	100	241	0.3	0.02	5.0	1.6472043213784462	1.1396042588320314	0.5076000625464148	-0.11516805983955604	1.4121241560991749	0.42642014297955977	0.20220584570378977	0.15361588702755105	1.3163081606756213	-0.22812587805898643	0.01102068955210389	19515.41056575348	10045.59280595671	9469.817759796768	4.346234763229416	1.1552111148889654	0.5849513492762732	4800.0	417.4675876884482	236.0	provisional	candidate beats SPY on point estimates but CI lower bound is not positive
2026-04-28T15:40:09.373096+00:00	lightgbm-return-zscore-band06-production-pit-broad-20260428	190daa40ce8a08dae167355b29a35c27e7668494	lightgbm_return_zscore	LightGBM return model with z-scored forecast scores.	data/runs/phase2-source-20260424	100	241	0.3	0.02	5.0	1.5094521504073033	1.1396042588320314	0.36984789157527187	-0.4131012436573161	1.3076563671794397	0.4240651730484204	0.2063269223944614	0.18135252123499487	1.1377119049098023	-0.20596289154208247	0.010554291027537396	19736.534904259883	10045.59280595671	9690.942098303172	4.304701672844757	1.1552111148889654	0.5910237614143532	4800.0	373.55211609426686	236.0	provisional	candidate beats SPY on point estimates but CI lower bound is not positive
2026-04-28T15:43:03.615381+00:00	lightgbm-return-zscore-mw0p25-band03-production-pit-broad-20260428	190daa40ce8a08dae167355b29a35c27e7668494	lightgbm_return_zscore	LightGBM return model with z-scored forecast scores.	data/runs/phase2-source-20260424	100	241	0.25	0.02	5.0	1.5874478225590636	1.1396042588320314	0.44784356372703216	-0.20528254481226368	1.308856075117124	0.41771669718452564	0.19715611441442968	0.1557596476602015	1.2657714457889435	-0.2268154700242797	0.01121115226162952	19258.088253995407	10045.59280595671	9212.495448038697	4.194003336841788	1.1552111148889654	0.5778156356090449	4800.0	423.25050063183687	236.0	provisional	candidate beats SPY on point estimates but CI lower bound is not positive
2026-04-28T15:45:37.382083+00:00	lightgbm-return-zscore-mw0p25-band04-production-pit-broad-20260428	190daa40ce8a08dae167355b29a35c27e7668494	lightgbm_return_zscore	LightGBM return model with z-scored forecast scores.	data/runs/phase2-source-20260424	100	241	0.25	0.02	5.0	1.681303132455265	1.1396042588320314	0.5416988736232335	-0.08183056990826625	1.4475444893086686	0.43015898024064714	0.20405836548855633	0.151051639230668	1.3509179147466437	-0.22551320406326758	0.01090718335347342	19590.56906676194	10045.59280595671	9544.976260805228	4.412700268566673	1.1552111148889654	0.5870214227844768	4800.0	416.1670097322698	236.0	provisional	candidate beats SPY on point estimates but CI lower bound is not positive
2026-04-28T15:48:12.056932+00:00	lightgbm-return-zscore-mw0p25-band05-production-pit-broad-20260428	190daa40ce8a08dae167355b29a35c27e7668494	lightgbm_return_zscore	LightGBM return model with z-scored forecast scores.	data/runs/phase2-source-20260424	100	241	0.25	0.02	5.0	1.5175156099604632	1.1396042588320314	0.37791135112843177	-0.31077313833453235	1.2606998124151467	0.41154379456464873	0.1949126578506431	0.16652383272836488	1.1704790518999544	-0.22793272407114484	0.010438158904919295	18568.55430637719	10045.59280595671	8522.96150042048	4.0881202374487975	1.1552111148889654	0.5583131648093873	4800.0	370.42638604192683	236.0	provisional	candidate beats SPY on point estimates but CI lower bound is not positive
2026-04-28T15:50:46.297645+00:00	lightgbm-return-zscore-band035-production-pit-broad-20260428	190daa40ce8a08dae167355b29a35c27e7668494	lightgbm_return_zscore	LightGBM return model with z-scored forecast scores.	data/runs/phase2-source-20260424	100	241	0.3	0.02	5.0	1.4442427936844162	1.1396042588320314	0.3046385348523848	-0.3808334572792217	1.1390923607067394	0.39003320865670865	0.17915106876174208	0.15973367139328415	1.1215610785070476	-0.23919493798311053	0.01150759893892336	18173.677745872046	10045.59280595671	8128.084939915336	3.73237150088568	1.1552111148889654	0.5468833998645981	4800.0	410.4842783871212	236.0	provisional	candidate beats SPY on point estimates but CI lower bound is not positive
2026-04-28T15:53:20.210277+00:00	lightgbm-return-zscore-risk20-band04-production-pit-broad-20260428	190daa40ce8a08dae167355b29a35c27e7668494	lightgbm_return_zscore	LightGBM return model with z-scored forecast scores.	data/runs/phase2-source-20260424	100	241	0.3	0.02	5.0	1.5770160049019823	1.1396042588320314	0.4374117460699509	-0.16508291358583377	1.2498576487045492	0.3760247146736275	0.16097627973622114	0.1371970888957484	1.1733213950227601	-0.25131805050343925	0.010260965522457996	17778.89486680894	10045.59280595671	7733.302060852229	3.5114466489271416	1.1552111148889654	0.5352565318747693	4800.0	362.8034374561707	236.0	provisional	candidate beats SPY on point estimates but CI lower bound is not positive
2026-04-28T15:55:54.332390+00:00	lightgbm-return-zscore-mw0p22-band04-production-pit-broad-20260428	190daa40ce8a08dae167355b29a35c27e7668494	lightgbm_return_zscore	LightGBM return model with z-scored forecast scores.	data/runs/phase2-source-20260424	100	241	0.22	0.02	5.0	1.6088567659579516	1.1396042588320314	0.46925250712592015	-0.20870753030958264	1.317123106911825	0.42619865242667454	0.20368045374037325	0.15762361479633497	1.2921950432588936	-0.22528687688183469	0.010795241391659658	19613.86079924462	10045.59280595671	9568.26799328791	4.342317593977091	1.1552111148889654	0.5876616604360094	4800.0	394.18701184956075	236.0	provisional	candidate beats SPY on point estimates but CI lower bound is not positive
2026-04-28T15:58:47.313302+00:00	lightgbm-return-zscore-mw0p24-band04-production-pit-broad-20260428	190daa40ce8a08dae167355b29a35c27e7668494	lightgbm_return_zscore	LightGBM return model with z-scored forecast scores.	data/runs/phase2-source-20260424	100	241	0.24	0.02	5.0	1.6864900719073679	1.1396042588320314	0.5468858130753365	-0.07844605381486415	1.4411082381180638	0.4306748689587341	0.20429695685460322	0.1501048638698827	1.3610282277841212	-0.2260578351945226	0.01088506532699558	19607.922499761822	10045.59280595671	9562.329693805112	4.421922140224567	1.1552111148889654	0.5874984872710622	4800.0	416.5751807535281	236.0	provisional	candidate beats SPY on point estimates but CI lower bound is not positive
2026-04-28T16:01:24.701131+00:00	lightgbm-return-zscore-mw0p26-band04-production-pit-broad-20260428	190daa40ce8a08dae167355b29a35c27e7668494	lightgbm_return_zscore	LightGBM return model with z-scored forecast scores.	data/runs/phase2-source-20260424	100	241	0.26	0.02	5.0	1.6727901055649825	1.1396042588320314	0.5331858467329511	-0.1283106451041905	1.383795606391918	0.4355629114901498	0.20903142855681617	0.15333025809922046	1.363275788798003	-0.22804692472865506	0.010335561228524994	20037.53883809542	10045.59280595671	9991.94603213871	4.509915310549453	1.1552111148889654	0.5992035190085623	4800.0	392.3622523368644	236.0	provisional	candidate beats SPY on point estimates but CI lower bound is not positive
2026-04-28T16:04:03.916166+00:00	lightgbm-return-zscore-mw0p25-band038-production-pit-broad-20260428	190daa40ce8a08dae167355b29a35c27e7668494	lightgbm_return_zscore	LightGBM return model with z-scored forecast scores.	data/runs/phase2-source-20260424	100	241	0.25	0.02	5.0	1.681303132455265	1.1396042588320314	0.5416988736232335	-0.08183056990826625	1.4475444893086686	0.43015898024064714	0.20405836548855633	0.151051639230668	1.3509179147466437	-0.22551320406326758	0.01090718335347342	19590.56906676194	10045.59280595671	9544.976260805228	4.412700268566673	1.1552111148889654	0.5870214227844768	4800.0	416.1670097322698	236.0	provisional	candidate beats SPY on point estimates but CI lower bound is not positive
2026-04-28T16:06:38.960446+00:00	lightgbm-return-zscore-mw0p25-band042-production-pit-broad-20260428	190daa40ce8a08dae167355b29a35c27e7668494	lightgbm_return_zscore	LightGBM return model with z-scored forecast scores.	data/runs/phase2-source-20260424	100	241	0.25	0.02	5.0	1.681303132455265	1.1396042588320314	0.5416988736232335	-0.08183056990826625	1.4475444893086686	0.43015898024064714	0.20405836548855633	0.151051639230668	1.3509179147466437	-0.22551320406326758	0.01090718335347342	19590.56906676194	10045.59280595671	9544.976260805228	4.412700268566673	1.1552111148889654	0.5870214227844768	4800.0	416.1670097322698	236.0	provisional	candidate beats SPY on point estimates but CI lower bound is not positive
2026-04-28T16:23:42.980131+00:00	torch-lstm-return-zscore-pit-fast48-mw0p24-band04-20260428	190daa40ce8a08dae167355b29a35c27e7668494	torch_lstm_return_zscore	PyTorch LSTM return regression over per-ticker feature windows.	data/runs/phase2-source-20260424	100	48	0.24	0.02	5.0	1.407834658370529	1.3201638708713268	0.08767078749920221	-0.7958213188690871	0.9281684923436067	0.28889679919485567	0.09789127722062971	0.14747887476083307	0.6637647417596607	-0.09022681443928104	0.04918034506735967	6729.689272487517	6115.107891768116	614.5813807194008	0.2629922730530092	0.10784344310121297	0.07477250225883589	4700.0	225.7182019775101	46.0	provisional	candidate beats SPY on point estimates but CI lower bound is not positive
2026-04-28T16:25:05.392235+00:00	torch-lstm-return-deep-zscore-pit-fast48-mw0p24-band04-20260428	190daa40ce8a08dae167355b29a35c27e7668494	torch_lstm_return_deep_zscore	PyTorch LSTM return regression with longer lookback and wider hidden state.	data/runs/phase2-source-20260424	100	48	0.24	0.02	5.0	1.374672429610899	1.3201638708713268	0.054508558739572166	-0.7248883062268515	0.6910415118317935	0.3006985647988927	0.10953879566078571	0.14830282758240068	0.7386156922727807	-0.088123365120514	0.05148768812751695	6766.211093988129	6115.107891768116	651.1032022200125	0.2736277945318275	0.10784344310121297	0.07723911680222528	4700.0	244.9833598698394	46.0	provisional	candidate beats SPY on point estimates but CI lower bound is not positive
2026-04-28T16:26:09.657354+00:00	torch-lstm-momentum-return-zscore-pit-fast48-mw0p24-band04-20260428	190daa40ce8a08dae167355b29a35c27e7668494	torch_lstm_momentum_return_zscore	PyTorch LSTM return regression using momentum, rank, and return features.	data/runs/phase2-source-20260424	100	48	0.24	0.02	5.0	1.6353865626090425	1.3201638708713268	0.31522269173771567	-0.7093463265137596	0.9490351919123109	0.3159253216410094	0.11614858000426968	0.14491043069399237	0.8015198039783683	-0.07849371141165229	0.03905593998926505	6982.636678990683	6115.107891768116	867.5287872225672	0.2873384604006113	0.10784344310121297	0.09162728546959281	4700.0	187.6531290648436	46.0	provisional	candidate beats SPY on point estimates but CI lower bound is not positive
2026-04-28T16:27:33.991563+00:00	torch-transformer-return-zscore-pit-fast48-mw0p24-band04-20260428	190daa40ce8a08dae167355b29a35c27e7668494	torch_transformer_return_zscore	PyTorch Transformer encoder return regression over feature windows.	data/runs/phase2-source-20260424	100	48	0.24	0.02	5.0	1.2402188682739148	1.3201638708713268	-0.079945002597412	-0.9765231186210318	0.7509136756373358	0.20873453785454354	0.026531862108058014	0.13160860989326006	0.20159670502998575	-0.09381355664409896	0.04391915273396933	6740.7538300562555	6115.107891768116	625.6459382881394	0.19054127635406526	0.10784344310121297	0.07552098610945107	4700.0	189.16016255143376	46.0	rejected	candidate Sharpe does not beat SPY Sharpe
2026-04-28T16:29:13.474106+00:00	torch-transformer-return-deep-zscore-pit-fast48-mw0p24-band04-20260428	190daa40ce8a08dae167355b29a35c27e7668494	torch_transformer_return_deep_zscore	PyTorch Transformer encoder return regression with longer lookback and wider hidden state.	data/runs/phase2-source-20260424	100	48	0.24	0.02	5.0	1.0053550777032165	1.3201638708713268	-0.3148087931681103	-0.9883851869805784	0.5732033083172035	0.163747113312543	-0.012423603454733697	0.11551583365221141	-0.10754892261902368	-0.07108495911803425	0.04816825044742984	6434.207826649837	6115.107891768116	319.0999348817213	0.1497142848762536	0.10784344310121297	0.054383857056775245	4700.0	232.79531871029212	46.0	rejected	candidate Sharpe does not beat SPY Sharpe; annualized active return is not positive; SPY-relative information ratio is not positive
2026-04-28T16:30:31.870893+00:00	torch-transformer-momentum-return-zscore-pit-fast48-mw0p24-band04-20260428	190daa40ce8a08dae167355b29a35c27e7668494	torch_transformer_momentum_return_zscore	PyTorch Transformer encoder return regression using momentum, rank, and return features.	data/runs/phase2-source-20260424	100	48	0.24	0.02	5.0	1.0231027206189247	1.3201638708713268	-0.2970611502524021	-0.9639963218251183	0.6169946294984664	0.17180491263263353	-0.004724045816341541	0.13808584854560715	-0.03421093374953102	-0.06391678889585695	0.04805814697970109	6521.723640830937	6115.107891768116	406.6157490628211	0.15703604649111091	0.10784344310121297	0.06050474234821834	4700.0	234.86088967180368	46.0	rejected	candidate Sharpe does not beat SPY Sharpe; annualized active return is not positive; SPY-relative information ratio is not positive
2026-04-28T16:31:15.752389+00:00	lightgbm-return-zscore-pit-fast48-mw0p24-band04-20260428	190daa40ce8a08dae167355b29a35c27e7668494	lightgbm_return_zscore	LightGBM return model with z-scored forecast scores.	data/runs/phase2-source-20260424	100	48	0.24	0.02	5.0	2.0971439530581284	1.3201638708713268	0.7769800821868016	-0.4289088069753235	0.9790009736098452	0.519281371156926	0.27262605521652156	0.1710451982435523	1.593883125724042	-0.12856042820499125	0.040522679293243706	7179.082527034702	6115.107891768116	1063.9746352665861	0.4692887580670819	0.10784344310121297	0.10436215330817353	4700.0	230.79096531790677	46.0	provisional	candidate beats SPY on point estimates but CI lower bound is not positive
2026-04-28T16:37:09.825949+00:00	torch-lstm-momentum-return-zscore-production-pit-broad-mw0p24-band04-20260428	190daa40ce8a08dae167355b29a35c27e7668494	torch_lstm_momentum_return_zscore	PyTorch LSTM return regression using momentum, rank, and return features.	data/runs/phase2-source-20260424	100	241	0.24	0.02	5.0	1.3759786681585242	1.1396042588320314	0.23637440932649278	-0.33364843371388325	0.8935242350902723	0.2987218854817535	0.09796138933047044	0.11498065676722688	0.8519814730993303	-0.21548421354133773	0.0076654484252865656	14371.041978262732	10045.59280595671	4325.449172306022	2.4339682158706517	1.1552111148889654	0.4251868979130816	4800.0	234.00015072152914	236.0	provisional	candidate beats SPY on point estimates but CI lower bound is not positive
